name,date,category,urgency,notes
UPSC Prelims 2026,24/05/2026,exam,high,Largest traffic spike of year
SSC CGL 2026 Notification,01/04/2026,govt,high,Notification expected April
NEET UG 2026,03/05/2026,exam,high,Medical entrance
JEE Advanced 2026,17/05/2026,exam,high,IIT entrance
CBSE Board Results 2026,15/05/2026,season,high,Results traffic surge
RRB NTPC 2026,15/07/2026,govt,medium,Railway jobs
IBPS PO 2026 Notification,10/06/2026,govt,medium,Banking sector
CAT 2026,29/11/2026,competitive,low,MBA entrance
CUET 2026 Registration,05/04/2026,exam,high,University entrance
GATE 2027 Notification,01/09/2026,exam,low,Engineering entrance
JEE Main Session 2,10/04/2026,exam,high,Second attempt window
UP Board Result 2026,25/05/2026,season,medium,State board results
SSC CHSL 2026,25/06/2026,govt,medium,Combined Higher Secondary
SBI PO 2026,10/11/2026,govt,low,Banking PO recruitment
CLAT 2027,01/12/2026,exam,low,Law entrance exam
AFCAT 2026,20/06/2026,govt,low,Air Force recruitment
UPSC Mains 2026,20/09/2026,exam,medium,After prelims
NDA 2026 II,14/09/2026,exam,low,Defence entrance
